"May the force be with you",
"Keep calm and email on",
"Stay golden",
"Live long and prosper",
"Cheers to Netflix and no chill",
"Avengers, assemble!",
"Ctrl+Alt+Del-iciously yours",
"Hasta la vista, inbox",
"May your Wi-Fi be strong and your coffee be stronger",
"Talk to you on the flippity flip",
"Mischief managed",
"Keep it 100",
"Allons-y!",
"To infinity and beyond",
"Cheers to fewer meetings and more cat videos",
"Beam me up, Scotty",
"Email you later, alligator",
"Stay sassy",
"Insert witty sign-off here",
"The cake is a lie",
"So long and thanks for all the emails",
"Hakuna Matata",
"Valar Morghulis (but not your emails)",
"You're a wizard, [Your Name]",
"No autographs, just emails",
"I'll be back (to my inbox)",
"May your pixels be ever in your favor",
"Stay weird",
"Talk nerdy to me",
"Keep it real, like reality TV",
"Team [Your Name] out",
"TTYL (Talk to Your Laptop)",
"Stay classy, not sassy",
"I am Groot (and I approve this email)",
"To the Batmobile",
"Go ninja, go ninja, go (to your inbox)",
"That's what she emailed",
"See you on the dark web",
"Insert meme here",
"With great power comes great email responses",
"May your inbox be ever in your favor",
"Just keep swimming",
"Go go gadget email sign-off",
"Resistance is futile",
"Let's taco 'bout it later",
"You're a sunflower",
"Aloha, [Your Name]",
"Goodnight, John Boy",
"Save the drama for your mama",
"All you need is love (and fewer emails)",
"It's a bird, it's a plane, it's my email sign-off",
"Hail Hydra (kidding, just sign-off)",
"Yippee-ki-yay, email lover",
"Frankly, my dear, I don't give a spam",
"Talk is cheap, email isn't",
"Time to hit the Quan-tity of emails",
"May your emails be as sweet as pie",
"Hodor (but not your emails)",
"We're gonna need a bigger inbox",
"Just keep typing",
"Winter is coming (to my inbox)",
"Cheers to pixels and procrastination",
"Catch you on the flip side",
"May the odds be ever in your email's favor",
"Live laugh love (your emails)",
"I'm ready, I'm ready, I'm ready for no emails",
"Have a magical email day",
"Party on, [Your Name]",
"Hakuna your tatas",
"Boldly going where no email has gone before",
"Insert cool catchphrase here",
"Good vibes only (and emails)",
"Resistance is futile, but emails aren't",
"Stay frosty",
"May your Wi-Fi be strong and your spam folder be empty",
"The night is dark and full of emails",
"Rock on",
"Live in the sunshine, email in the shade",
"Keep it real, keep it email",
"Take it easy, breezy, beautiful (email covergirl)",
"Turn down for what? (Emails)",
"Smile, it confuses people (and spammers)",
"Let's taco 'bout something other than work",
"Here's looking at you, email",
"Just do it (reply to this email)",
"You can't handle the truth (about my inbox)",
"I feel the need, the need for fewer emails",
"Peace, love, and less spam",
"May your emails be short and your weekends be long",
"Keep the faith, discard the spam",
"Insert inspirational quote here",
"Alohomora (unlocking your email)",
"You've got mail (from me)",
"Rollin' with the homies (and emails)",
"Keep it groovy",
"Namaste (in my inbox)",
"Ciao for now",
"Stay excellent",
"Tread lightly, email heavily",
"Live fast, email faster"
